{
    "dim": 2,
    "n_basis": 2,
    "lat_name": "no_name",
    "lat_vec": [
        [
            1,
            0
        ],
        [
            0.0,
            1.7320508075688772
        ]
    ],
    "basis_vec": [
        [
            0,
            0
        ],
        [
            0.5,
            0.5
        ]
    ],
    "lat_dim": [
        30,
        1
    ],
    "lat_bc": [
        0,
        0
    ],
    "sublat_offsets": [
        0,
        0
    ],
    "hoppings": [
        [
            -1.4142135623730951,
            0,
            1,
            [
                0,
                0
            ]
        ],
        [
            -1,
            0,
            0,
            [
                1,
                0
            ]
        ],
        [
            -1.4142135623730951,
            1,
            0,
            [
                1,
                0
            ]
        ]
    ]
}